热门查询,点击次数,展示,点击率,排名
edugamehq,217,254,85.43%,1
ragdoll archers,5,38,13.16%,17.76
edu games hq,5,8,62.5%,1
ラグドールアーチャーズ,3,11,27.27%,13.73
edugames.ez,2,62,3.23%,4.18
soccer random,2,38,5.26%,17.58
animal dna run,2,35,5.71%,8.91
edugame,2,20,10%,6.9
math steal a brainrot,2,2,100%,34
edu game,1,250,0.4%,7.23
edu games,1,27,3.7%,7.11
basketball orbit,1,19,5.26%,16.16
alchemy merge clicker,1,11,9.09%,3.55
edu games free,1,5,20%,6
hextris,1,4,25%,18.75
edu game hq,1,2,50%,1
basketball orbit unblocked,1,2,50%,90
coil game,1,1,100%,8
steal a brainrot online,1,1,100%,13
steal brainrot en ligne,1,1,100%,16
bloxd io math games,1,1,100%,17
ragdoll archers game,1,1,100%,28
doodle jump プレイ,1,1,100%,29
stel a brainrot online,1,1,100%,56
memory game,0,96,0%,69.6
science games,0,94,0%,82.5
science lab game,0,84,0%,52.93
educational geography games,0,80,0%,78.96
scientist games,0,71,0%,78.72
free science games,0,67,0%,81.78
science game websites,0,59,0%,90.2
science games online,0,59,0%,90.73
free online science games,0,58,0%,83
interactive science games,0,57,0%,76.93
memory match,0,56,0%,79.64
memory games,0,42,0%,64.31
flexbox froggy,0,35,0%,45.23
edugame online,0,30,0%,8.13
매치3 게임,0,30,0%,22.17
educational science games,0,27,0%,81.33
memory games for kids,0,23,0%,66.57
cypher - code breaker,0,22,0%,5.86
scientific games online,0,22,0%,75.09
elevator saga,0,19,0%,13.84
fun science games,0,19,0%,79.11
edugames math,0,18,0%,5.5
math duck: educational puzzle,0,16,0%,6.25
educational game development company,0,16,0%,77.69
animal memory match free,0,15,0%,50.6
flexboxfroggy,0,13,0%,44.54
educational game developer,0,13,0%,66
edugame prompt,0,12,0%,7.33
volley random,0,12,0%,54.08
green mahjong,0,11,0%,6.55
mini scientist game,0,11,0%,6.91
free kick classic,0,11,0%,8
edugames online,0,11,0%,9
educational games developer,0,11,0%,69.09
ピースオブケイク ゲーム,0,10,0%,10.8
משחק קוגניטיבי,0,10,0%,51.6
art games,0,10,0%,72.7
pottery master,0,9,0%,10.22
chrome dino,0,9,0%,30.89
משחקים חשיבה,0,9,0%,63.56
educational game developers,0,9,0%,64.56
doodle jump,0,8,0%,42
simon says memory game,0,8,0%,53.62
educational math games,0,8,0%,73
משחקי חשיבה,0,8,0%,80.75
science learning games,0,8,0%,82.12
edu.game,0,7,0%,7.43
adventure games for kids,0,7,0%,46.14
checkers ai,0,7,0%,52.43
skifree,0,7,0%,62.29
science game,0,7,0%,70.29
remembering games,0,7,0%,76.14
math duck,0,6,0%,23.5
משחקים חינוכיים,0,6,0%,28.67
flex frog,0,6,0%,40
memory matching game,0,6,0%,68.5
memory game free,0,6,0%,79
educational games company,0,6,0%,80.17
online memory matching games,0,6,0%,82.17
موقع edugame,0,5,0%,3.4
edu gam,0,5,0%,7.2
free bubble game,0,5,0%,9.2
piece of cake merge & bake,0,5,0%,9.6
edu games download,0,5,0%,10.8
free arcade,0,5,0%,11.6
edugames,0,5,0%,22.6
match 3 games,0,5,0%,32.2
flex froggy,0,5,0%,42
memory card game,0,5,0%,50.8
memory+game,0,5,0%,53.2
memory online games,0,5,0%,68.8
math computer games,0,5,0%,101.6
arcade games website,0,4,0%,3.75
free rpg games online,0,4,0%,7
edu games math,0,4,0%,8.25
free match three games,0,4,0%,8.25
classic free kick,0,4,0%,8.75
nullify corner,0,4,0%,9
elevator saga javascript,0,4,0%,9.75
quantum god,0,4,0%,13.5
alchemy game,0,4,0%,35.5
sciences games,0,4,0%,36.5
match 3 game,0,4,0%,41.25
farm merge valley,0,4,0%,43.5
משחקי למידה,0,4,0%,53
box it up,0,4,0%,66.25
educational game companies,0,4,0%,68.25
memory games children,0,4,0%,74.25
frog css,0,4,0%,77.25
creativity games,0,4,0%,78.5
jeux de sciences,0,4,0%,78.75
fun memory games for kids,0,4,0%,88.25
what are the best memory games for kids?,0,4,0%,95
art games online,0,4,0%,96.75
cookie hangman,0,3,0%,1.33
edugamehq official website,0,3,0%,2
polydash,0,3,0%,7.33
edugames.iz,0,3,0%,8
duck math,0,3,0%,8.33
edugames maths,0,3,0%,9.33
edu games online free,0,3,0%,9.67
edu-games,0,3,0%,10
free internet checkers game,0,3,0%,10
משחקים חינוכיים ולמידה,0,3,0%,11.33
web free arcade,0,3,0%,13.67
free arcade game,0,3,0%,17.33
piece of cake ゲーム,0,3,0%,17.67
match three games online,0,3,0%,19.33
game online arcade free,0,3,0%,21
random volleyball,0,3,0%,23
rpg games free,0,3,0%,24.33
משחקים לימודיים,0,3,0%,42.33
juegos de deportes para niños,0,3,0%,43.67
flappy bird,0,3,0%,54.33
play ski free,0,3,0%,56
online pottery game,0,3,0%,59.67
math geography games,0,3,0%,60.67
pottery games,0,3,0%,65
memory match games,0,3,0%,70
matching game memory,0,3,0%,71.67
creative games,0,3,0%,72.67
working memory games,0,3,0%,82
memory games for 5 year olds,0,3,0%,92
education puzzle game,0,3,0%,95.33
art games for 6 year olds,0,3,0%,96
quantum god game,0,2,0%,3
number arena,0,2,0%,5.5
animal dna run game,0,2,0%,6.5
count masters stickman games,0,2,0%,7
free rpg games,0,2,0%,7.5
nullify game,0,2,0%,8
checkers with ai,0,2,0%,8.5
edugamed,0,2,0%,8.5
free games match 3,0,2,0%,8.5
jolly jumper game,0,2,0%,8.5
piece of cake: merge & bake,0,2,0%,9
science merge game,0,2,0%,9.5
pottery master game online,0,2,0%,10
rpg games for free,0,2,0%,11.5
pottery master®,0,2,0%,12.5
pottery master game,0,2,0%,14
free matching games,0,2,0%,17.5
digger arcade,0,2,0%,18.5
edu sports games,0,2,0%,19.5
great free rpg games,0,2,0%,20.5
text adventure,0,2,0%,24.5
משחקים פופולריים,0,2,0%,24.5
driven wild game,0,2,0%,26
rpg games website,0,2,0%,26
매치 3 게임,0,2,0%,30.5
froggy flexbox,0,2,0%,32
משחקים חינוכיים לילדים,0,2,0%,32.5
mapping game,0,2,0%,35.5
artistic games,0,2,0%,37.5
match3,0,2,0%,40
ping pong world tour game,0,2,0%,44.5
chrome://dino,0,2,0%,46.5
teachingtools.art games,0,2,0%,48
count master,0,2,0%,48.5
משחק אינטראקטיבי,0,2,0%,51
froggy css,0,2,0%,54
משחקי שפה,0,2,0%,54
othello game,0,2,0%,54.5
count masters,0,2,0%,57
memory training game,0,2,0%,57.5
mathduck,0,2,0%,58.5
memorization games,0,2,0%,58.5
וורדל אנגלית משחק,0,2,0%,59
משחקי זיכרון לגיל השלישי חינם,0,2,0%,59.5
galactica game free,0,2,0%,63
memory matching game online,0,2,0%,65
games memory,0,2,0%,66
math duck game,0,2,0%,67.5
art game,0,2,0%,69.5
memory recall games,0,2,0%,70
memory games and activities,0,2,0%,70.5
play skifree,0,2,0%,70.5
cityjumper,0,2,0%,73
memorizing games,0,2,0%,73.5
online science games,0,2,0%,81.5
connect four unblocked,0,2,0%,85.5
artistic games online,0,2,0%,87
ragdoll archers 2,0,2,0%,87
free alchemy,0,2,0%,88.5
games online rpg free without downloading,0,1,0%,2
rpg game online free without downloading,0,1,0%,2
edugame matematika,0,1,0%,3
edugames.zu,0,1,0%,3
merge alchemy clicker,0,1,0%,3
edugames az,0,1,0%,4
edugames biz,0,1,0%,4
edugames english,0,1,0%,4
mini scientist,0,1,0%,4
科学 ゲーム 無料,0,1,0%,4
cups - water sort puzzle,0,1,0%,5
js elevator game,0,1,0%,5
bff math class,0,1,0%,6
mathplayground coding,0,1,0%,6
edu games free download,0,1,0%,7
edugame.uz,0,1,0%,7
flexbox froggy css game,0,1,0%,7
free match three games online,0,1,0%,7
free playable arcade games,0,1,0%,7
hq games,0,1,0%,7
math expressions game,0,1,0%,7
numbers arena,0,1,0%,7
steal a brainrot online free play,0,1,0%,7
alien invasion arcade game,0,1,0%,8
basketball orbit game,0,1,0%,8
edugams,0,1,0%,8
https://www.crazygames.com/game/traffic-rider-vvq,0,1,0%,8
live editor,0,1,0%,8
match 3 games for free,0,1,0%,8
math kids,0,1,0%,8
nullifies corner,0,1,0%,8
play elevator saga,0,1,0%,8
basketbros,0,1,0%,9
chemistry merge game,0,1,0%,9
crazy games farm merge valley,0,1,0%,9
edu game play,0,1,0%,9
freekick classic,0,1,0%,9
match 3 game free,0,1,0%,9
nullify crazy games,0,1,0%,9
science combine game,0,1,0%,9
steal brainrot online,0,1,0%,9
volleyball random,0,1,0%,9
미술게임,0,1,0%,9
bubble shooter free game,0,1,0%,10
classroom games steal a brainrot,0,1,0%,10
css dinner,0,1,0%,10
duck math game,0,1,0%,10
free games bubble shooter,0,1,0%,10
free match game,0,1,0%,10
match 3 games free,0,1,0%,10
memory button game,0,1,0%,10
steal a brainrot online play game,0,1,0%,10
steal brainrot onlie,0,1,0%,10
volly random,0,1,0%,10
egurugame,0,1,0%,11
flexbox frogs,0,1,0%,11
galaga,0,1,0%,11
bloxdhop io,0,1,0%,12
color games for free,0,1,0%,12
is candy crush free,0,1,0%,12
recently played games,0,1,0%,12
arcade free,0,1,0%,13
free play arcade,0,1,0%,13
match free games,0,1,0%,13
nullify games,0,1,0%,13
simon says game,0,1,0%,13
web rpg games free,0,1,0%,13
미술 게임,0,1,0%,13
match 3,0,1,0%,14
game ragdoll archers,0,1,0%,15
match 3 puzzle games,0,1,0%,15
piece of cake: merge and bake cheats,0,1,0%,15
steal a brainrot free game,0,1,0%,15
steal a brainrot math games,0,1,0%,15
ラグドール アーチャー ズ ゲーム,0,1,0%,16
flexbox frog,0,1,0%,17
match games online,0,1,0%,17
piece of cake: merge and bake,0,1,0%,17
chrome+dino,0,1,0%,18
skeleton simulator,0,1,0%,18
3 match game,0,1,0%,19
othello game reversi,0,1,0%,19
משחקים חינוכיים לילדים חינם,0,1,0%,19
match three games,0,1,0%,21
memory game card,0,1,0%,21
موقع العاب تعليمية,0,1,0%,21
farm merge valley ???? play on crazygames,0,1,0%,22
ragdoll archer,0,1,0%,22
edu game uz,0,1,0%,24
game for science,0,1,0%,24
maps game,0,1,0%,24
minesweeper खेलें,0,1,0%,25
3 match games,0,1,0%,27
boxup puzzle,0,1,0%,27
games scientist,0,1,0%,27
map games,0,1,0%,27
אלכימיה קטנה,0,1,0%,28
arcade games free,0,1,0%,30
science lab games,0,1,0%,30
wordle games,0,1,0%,30
משחקים לימודיים לילדים בחינם,0,1,0%,31
크롬 디노,0,1,0%,31
sciencegames,0,1,0%,32
crazy games ragdoll archers,0,1,0%,33
drop the number math playground,0,1,0%,33
משחקים לשיפור הזיכרון חינם,0,1,0%,33
flappy+bird,0,1,0%,34
games free match 3,0,1,0%,34
radius raid,0,1,0%,34
pottery making games,0,1,0%,35
matching 3 games,0,1,0%,36
ball shooter game,0,1,0%,38
دودل جامب,0,1,0%,38
ragdoll archers 無料,0,1,0%,40
anti pacman,0,1,0%,42
archery arcade game,0,1,0%,42
box up game,0,1,0%,42
css diner,0,1,0%,42
frogger,0,1,0%,44
juegos de ciencias,0,1,0%,44
artistic game,0,1,0%,45
load runner game,0,1,0%,45
ping pong game world tour,0,1,0%,45
scope game,0,1,0%,46
flexbox game,0,1,0%,47
memory games simon says,0,1,0%,47
משחקים חינוכיים לילדים אונליין,0,1,0%,47
משחקים לימודיים לילדים,0,1,0%,47
art games unblocked,0,1,0%,48
bubble shooter free,0,1,0%,49
free asteroids game,0,1,0%,49
memory game matching,0,1,0%,50
play skifree online,0,1,0%,50
pottery game online free,0,1,0%,50
sql muder mystery,0,1,0%,50
memorize game,0,1,0%,51
memory game simon says,0,1,0%,51
geography game,0,1,0%,52
ed games,0,1,0%,53
hexgl,0,1,0%,53
juegos deportivos,0,1,0%,53
memory game for students,0,1,0%,53
art and culture game,0,1,0%,54
edu math games,0,1,0%,54
fun memory,0,1,0%,54
hextris game,0,1,0%,54
arts and culture games,0,1,0%,55
chrome dino game,0,1,0%,55
checkers helper ai,0,1,0%,56
chrome dinosaur game,0,1,0%,56
memory practice games,0,1,0%,56
simon game,0,1,0%,56
משחק לימודי,0,1,0%,56
chrome //dino game,0,1,0%,57
free games of sudoku,0,1,0%,57
arts and culture game,0,1,0%,58
candy crush gratuit sans inscription,0,1,0%,58
jeux scientifique en ligne,0,1,0%,58
memory games: brain training,0,1,0%,59
table tennis world tour unblocked,0,1,0%,59
משחקי חינוך,0,1,0%,59
match memory game online,0,1,0%,60
memory concentration game,0,1,0%,60
memory mind games,0,1,0%,60
משחק למידה,0,1,0%,60
animal memory game online,0,1,0%,61
free asteroids,0,1,0%,61
free galaga,0,1,0%,61
memory games kids,0,1,0%,61
remembering game,0,1,0%,61
art games to play,0,1,0%,62
little scientist game,0,1,0%,62
scientist game,0,1,0%,62
משחקי מחשבה,0,1,0%,62
galaga free,0,1,0%,63
juegos online deportes,0,1,0%,63
memory online game,0,1,0%,63
משחקי היגיון,0,1,0%,63
adventure games kids,0,1,0%,64
chemical game,0,1,0%,64
cool science games,0,1,0%,64
educational memory games,0,1,0%,64
match memory game,0,1,0%,64
memory challenge games,0,1,0%,64
sokoban free,0,1,0%,65
free galaga game,0,1,0%,66
galaga free game,0,1,0%,66
games memory match,0,1,0%,66
juegos de deportes online gratis,0,1,0%,66
online memory game,0,1,0%,66
ai checkers game,0,1,0%,67
jeux biologie,0,1,0%,67
juegos deportes online,0,1,0%,67
games for artists,0,1,0%,68
memory match games online,0,1,0%,68
art class.site games,0,1,0%,69
helpful games memory,0,1,0%,69
memorization game,0,1,0%,69
memory recall game,0,1,0%,69
ed math games,0,1,0%,70
juegos de deporte online,0,1,0%,70
memorisation games,0,1,0%,70
memory matching games,0,1,0%,70
text adventure games,0,1,0%,70
fun art games online,0,1,0%,71
game scientist,0,1,0%,71
geography math games,0,1,0%,71
memorizing game,0,1,0%,71
piece of cake,0,1,0%,71
3d art games,0,1,0%,72
art and craft games,0,1,0%,72
checkers solver ai,0,1,0%,72
juegos de ciencia,0,1,0%,72
juegos de la ciencia,0,1,0%,72
whack a mole online game,0,1,0%,72
משחקי למידה לילדים,0,1,0%,72
free games connect four,0,1,0%,73
memory games for classroom,0,1,0%,73
memory interactive game,0,1,0%,73
memory match game,0,1,0%,73
online memory games for kids,0,1,0%,73
science simulation games,0,1,0%,73
artist games,0,1,0%,74
helpfulgames.com memory,0,1,0%,74
jeux candy crush gratuit en ligne,0,1,0%,74
lab game online,0,1,0%,74
memory games for kids online,0,1,0%,74
spatial memory games,0,1,0%,74
creative game,0,1,0%,75
educational games designer,0,1,0%,75
free online math games,0,1,0%,75
play galaga free,0,1,0%,75
simon online memory game,0,1,0%,75
memory and games,0,1,0%,76
memory game for classroom,0,1,0%,76
whack a mole online,0,1,0%,76
table tennis world tour game,0,1,0%,77
memory matching,0,1,0%,78
online free math games,0,1,0%,78
real science games,0,1,0%,78
arcade kid games,0,1,0%,79
simon the memory game,0,1,0%,79
textadventure,0,1,0%,79
adventure text adventure,0,1,0%,80
memory games ideas,0,1,0%,80
memry game,0,1,0%,80
doodle.jump,0,1,0%,82
educational memory game,0,1,0%,82
lab games online,0,1,0%,82
mathematics games online,0,1,0%,82
math 180 games,0,1,0%,83
educational science game,0,1,0%,84
geography games for kids,0,1,0%,84
memory challenge game,0,1,0%,84
educational puzzle game,0,1,0%,85
memory game ideas,0,1,0%,85
science online game,0,1,0%,85
brainrot maths,0,1,0%,86
doodle jump doodle,0,1,0%,86
hexagon tetris,0,1,0%,86
jeux en ligne candy crush,0,1,0%,87
candy crush gratuit en ligne,0,1,0%,88
fun memory game,0,1,0%,88
creativity game,0,1,0%,89
online art games,0,1,0%,89
doodle jump jeux,0,1,0%,90
laboratory game online,0,1,0%,90
list of memory games,0,1,0%,90
online science game,0,1,0%,90
free alchemy game,0,1,0%,93
science online games,0,1,0%,93
working memory games for 5 year olds,0,1,0%,94
football random,0,1,0%,96
futbol random,0,1,0%,96
interactive memory game,0,1,0%,97
memory game online,0,1,0%,97